epoch,loss_train,loss_val,acc_train,acc_val
1,6.347804922806589,6.115567752293178,0.009868421052631578,0.008458646616541353
2,5.8701610278366205,5.792875816947536,0.007283834586466165,0.016917293233082706
3,5.782789624723277,5.840582403025233,0.009398496240601503,0.013157894736842105
4,5.570215673374951,5.505203444258611,0.012218045112781954,0.011278195488721804
5,5.458023293574054,5.471957034634468,0.01644736842105263,0.011278195488721804
6,5.484677268150158,5.437212273590546,0.014332706766917292,0.015037593984962405
7,5.4471938161921685,5.41852747408071,0.019031954887218046,0.015977443609022556
8,5.43805912562779,5.443611772436845,0.016212406015037595,0.015037593984962405
